Code,Name,Image
3M Tape,3M Tape,no_image.png
Actualtor,Actualtor,no_image.png
AL Contaction,AL Contaction,no_image.png
AL COS,AL COS,no_image.png
Alternator,Alternator,no_image.png
Amp Meter,Amp Meter,no_image.png
ATS Aisikai,ATS Aisikai,no_image.png
ATS Controller,ATS Controller,no_image.png
Atys Socomec,Atys Socomec,no_image.png
AVR,AVR,no_image.png
Battery Charger,Battery Charger,no_image.png
Busbar Support,Busbar Support,no_image.png
Cable LS,Cable LS,no_image.png
Cable Marker,Cable Marker,no_image.png
Cable Tie,Cable Tie,no_image.png
Capactitor ,Capactitor ,no_image.png
Contaction,Contaction,no_image.png
Contactor LS,Contactor LS,no_image.png
Controller,Controller,no_image.png
Copper Flexible,Copper Flexible,no_image.png
Copper Rod,Copper Rod,no_image.png
COS,COS,no_image.png
CT,CT,no_image.png
Diode Bridge,Diode Bridge,no_image.png
Domino,Domino,no_image.png
Factor Power,Factor Power,no_image.png
Fan,Fan,no_image.png
Flexible Cable,Flexible Cable,no_image.png
Fuse,Fuse,no_image.png
Governor,Governor,no_image.png
HLS Relay,HLS Relay,no_image.png
HZ Meter,HZ Meter,no_image.png
Isolator Busbar ,Isolator Busbar ,no_image.png
Key,Key,no_image.png
Lamp,Lamp,no_image.png
Level Switch,Level Switch,no_image.png
Limit Switch,Limit Switch,no_image.png
Lock Canopy,Lock Canopy,no_image.png
MCB  LS,MCB  LS,no_image.png
MCB Kit,MCB Kit,no_image.png
MCB Schneider,MCB Schneider,no_image.png
MCCB  LS,MCCB  LS,no_image.png
MCCB  Mistubishi,MCCB  Mistubishi,no_image.png
MCCB  Schneider,MCCB  Schneider,no_image.png
Motor Capacitor,Motor Capacitor,no_image.png
MTS Aisikai,MTS Aisikai,no_image.png
MTS Socomec,MTS Socomec,no_image.png
Over Load,Over Load,no_image.png
Panel,Panel,no_image.png
Pipe,Pipe,no_image.png
RCCB  LS,RCCB  LS,no_image.png
Relay,Relay,no_image.png
Selector ,Selector ,no_image.png
Selector Volt & Amp,Selector Volt & Amp,no_image.png
Sensor,Sensor,no_image.png
Socket Relay,Socket Relay,no_image.png
Solenoid,Solenoid,no_image.png
Spare part,Spare part,no_image.png
Spiral Wrapping Band,Spiral Wrapping Band,no_image.png
Timer,Timer,no_image.png
Trunking,Trunking,no_image.png
